{"cameraMode":{"drawMode":0,"name":"Shaded","section":"Shading Mode"},"sceneLighting":false,"audioPlay":false,"sceneViewState":{"m_AlwaysRefresh":false,"showFog":true,"showSkybox":false,"showFlares":true,"showImageEffects":true,"showParticleSystems":true,"showVisualEffectGraphs":true,"m_FxEnabled":true},"in2DMode":false,"pivot":{"x":-26.254302978515626,"y":-0.5755895376205444,"z":25.793590545654298},"rotation":{"x":-0.14062735438346864,"y":-0.7982058525085449,"z":0.20450401306152345,"w":-0.5488923788070679},"size":1.9407352209091187,"orthographic":false}