{"cameraMode":{"drawMode":0,"name":"Shaded","section":"Shading Mode"},"sceneLighting":false,"audioPlay":false,"sceneViewState":{"m_AlwaysRefresh":false,"showFog":true,"showSkybox":false,"showFlares":true,"showImageEffects":true,"showParticleSystems":true,"showVisualEffectGraphs":true,"m_FxEnabled":true},"in2DMode":false,"pivot":{"x":0.7903769612312317,"y":2.1455256938934328,"z":3.316448926925659},"rotation":{"x":-0.20774267613887788,"y":0.03432507440447807,"z":-0.0072748358361423019,"w":-0.9775303602218628},"size":2.2323625087738039,"orthographic":false}