{"cameraMode":{"drawMode":0,"name":"Shaded","section":"Shading Mode"},"sceneLighting":false,"audioPlay":false,"sceneViewState":{"m_AlwaysRefresh":false,"showFog":true,"showSkybox":false,"showFlares":true,"showImageEffects":true,"showParticleSystems":true,"showVisualEffectGraphs":true,"m_FxEnabled":true},"in2DMode":false,"pivot":{"x":-0.004332780838012695,"y":0.0016254186630249024,"z":-0.001374661922454834},"rotation":{"x":-0.03548016771674156,"y":-0.964446485042572,"z":0.17879891395568849,"w":-0.19138386845588685},"size":1.2124356031417847,"orthographic":false}