{"cameraMode":{"drawMode":0,"name":"Shaded","section":"Shading Mode"},"sceneLighting":true,"audioPlay":false,"sceneViewState":{"m_AlwaysRefresh":false,"showFog":true,"showSkybox":true,"showFlares":true,"showImageEffects":true,"showParticleSystems":true,"showVisualEffectGraphs":true,"m_FxEnabled":true},"in2DMode":false,"pivot":{"x":69.01958465576172,"y":-9.973325729370118,"z":18.832046508789064},"rotation":{"x":0.4083142578601837,"y":0.08145520836114884,"z":-0.036652516573667529,"w":0.9084636569023132},"size":15.171876907348633,"orthographic":false}